Name,Age,Department,Salary
Charlie,25,2,41931
David,49,1,71663
Alice,24,0,47999
Bob,38,1,54404
Bob,29,1,58156
David,47,1,67406
Alice,23,0,50812
Charlie,32,2,45835
Bob,34,1,58886
Eve,33,0,45598
Alice,32,0,49534
Charlie,30,2,44234
Charlie,33,2,42832
Eve,29,0,45206
Eve,28,0,56393
Bob,37,1,60111
Alice,30,0,53884
Eve,36,0,50259
David,46,1,73587
Charlie,32,2,40981
David,43,1,70501
David,43,1,69359
Alice,23,0,47834
Bob,36,1,59632
Bob,31,1,62491
Alice,29,0,46178
David,41,1,73655
Bob,30,1,56657
Charlie,30,2,44722
Alice,28,0,45227
Eve,29,0,49440
David,48,1,72396
David,49,1,69801
Eve,32,0,59359
Charlie,33,2,37762
Alice,32,0,52825
Eve,32,0,57921
Eve,27,0,52997
Alice,26,0,51064
David,49,1,72948
Eve,32,0,52888
David,45,1,71987
Eve,31,0,61201
Alice,23,0,44321
Bob,36,1,57461
Eve,31,0,53728
Alice,27,0,42916
David,46,1,62354
Bob,32,1,61706
David,45,1,74548
Charlie,27,2,49809
David,42,1,69293
Alice,29,0,49571
David,47,1,67113
Bob,32,1,56001
Eve,28,0,48641
Alice,32,0,56473
Charlie,26,2,48422
Alice,23,0,48224
Eve,34,0,43306
Bob,31,1,59563
Bob,38,1,54436
David,46,1,71646
Eve,36,0,55445
Alice,27,0,41687
Alice,32,0,47432
Eve,31,0,50661
Eve,33,0,49010
Charlie,32,2,45258
Bob,33,1,56391
Eve,27,0,54605
David,49,1,75801
Alice,32,0,60734
Eve,27,0,47177
Eve,28,0,54122
Alice,28,0,52180
Charlie,32,2,41879
David,47,1,68639
Bob,33,1,58887
Bob,29,1,63440
Eve,33,0,50387
Alice,27,0,50097
David,45,1,73642
Alice,29,0,50723
Eve,29,0,55310
Bob,38,1,57609
Eve,29,0,53217
Alice,27,0,57315
Charlie,29,2,37466
Charlie,32,2,45620
Bob,33,1,70854
Charlie,24,2,41515
Bob,32,1,55836
Charlie,28,2,32782
Eve,36,0,52396
Bob,38,1,57152
Bob,33,1,59047
Charlie,30,2,40639
Eve,30,0,54587
Alice,23,0,50824
Bob,33,1,62827
Eve,33,0,55309
Alice,32,0,43100
Eve,36,0,53783
Eve,32,0,48684
Bob,33,1,56792
David,43,1,65999
David,41,1,77642
David,43,1,66896
Alice,32,0,48180
Charlie,33,2,35854
David,42,1,72806
Alice,32,0,50647
Bob,29,1,59252
Charlie,31,2,44500
David,44,1,67536
David,43,1,71738
Alice,30,0,47735
Alice,29,0,50216
Alice,24,0,48673
Charlie,24,2,38585
Eve,30,0,63792
Alice,30,0,49626
Charlie,25,2,42136
Charlie,26,2,46275
Charlie,24,2,40761
Charlie,24,2,52893
Bob,31,1,60392
Alice,27,0,51114
Charlie,26,2,39974
David,40,1,64941
Bob,29,1,65764
Eve,34,0,56255
David,49,1,63292
Eve,28,0,58671
Bob,31,1,60468
Alice,24,0,58866
Alice,25,0,50500
Bob,35,1,54733
Eve,27,0,56363
Charlie,33,2,51661
Eve,34,0,51803
Charlie,33,2,49023
David,49,1,75144
Charlie,33,2,37652
Charlie,25,2,50198
Bob,31,1,61652
Eve,35,0,51934
Alice,29,0,45562
Bob,32,1,53223
Eve,36,0,63015
David,44,1,60100
Charlie,25,2,43892
Bob,36,1,63463
Alice,26,0,50475
Alice,31,0,46115
Bob,33,1,61168
Alice,31,0,40476
Charlie,27,2,44432
Bob,38,1,50450
Alice,27,0,48598
Bob,37,1,48602
Charlie,31,2,38237
Alice,25,0,50116
David,40,1,68646
Alice,25,0,44868
Charlie,27,2,54769
Eve,28,0,51465
Bob,29,1,57800
Bob,35,1,53584
Charlie,31,2,37004
Alice,29,0,57289
David,44,1,70012
Alice,23,0,54029
Eve,33,0,51884
Eve,33,0,58864
Bob,37,1,63604
David,42,1,64910
David,48,1,71445
Charlie,24,2,45156
Charlie,24,2,45903
David,43,1,69239
Eve,35,0,59661
Alice,28,0,53202
Alice,25,0,48421
Charlie,24,2,50231
Charlie,27,2,53213
Alice,31,0,54211
Eve,29,0,56141
Eve,35,0,55559
Eve,33,0,47153
Bob,32,1,60542
Charlie,26,2,43947
Alice,32,0,52237
Alice,27,0,40563
Charlie,28,2,43697
David,42,1,67549
David,48,1,74313
Charlie,27,2,43979
Bob,33,1,64562
Charlie,27,2,49842
Eve,31,0,57190
Eve,33,0,48105
Bob,37,1,53110
David,46,1,60097
Bob,33,1,64676
Bob,38,1,50364
Eve,36,0,46933
David,46,1,57349
Eve,36,0,47360
Alice,27,0,48782
Charlie,26,2,43278
Eve,33,0,59422
Charlie,25,2,49378
Charlie,32,2,41302
Bob,38,1,61521
Charlie,33,2,40316
Eve,27,0,56939
Alice,28,0,54900
Bob,35,1,61475
Charlie,31,2,54072
Alice,32,0,46822
Charlie,32,2,45441
Alice,24,0,57909
Bob,38,1,70399
Charlie,25,2,41864
Bob,33,1,49576
Eve,31,0,48321
Eve,32,0,49180
David,42,1,63902
Charlie,31,2,45238
David,40,1,78849
Eve,32,0,48149
Eve,30,0,48385
Alice,23,0,53524
Eve,33,0,46259
Charlie,32,2,41542
Bob,32,1,62372
Charlie,27,2,50368
Eve,32,0,53498
Charlie,26,2,46186
Bob,34,1,62230
David,46,1,67902
Charlie,33,2,33988
David,49,1,65097
Charlie,26,2,42844
Eve,33,0,60569
David,42,1,71071
Eve,28,0,51346
Eve,36,0,62930
Bob,32,1,59917
Charlie,31,2,47829
Charlie,32,2,48297
Eve,33,0,57752
Eve,27,0,46299
David,42,1,61475
Bob,37,1,64318
Alice,23,0,45633
David,48,1,71868
Bob,36,1,50993
Alice,23,0,44732
David,45,1,73307
David,44,1,69446
Charlie,29,2,39658
Bob,38,1,60235
Alice,27,0,49456
Bob,34,1,67942
Charlie,28,2,53836
Bob,33,1,58027
David,43,1,63164
Charlie,26,2,53075
Charlie,26,2,44018
David,43,1,69216
Charlie,32,2,38853
Eve,28,0,55270
David,48,1,70188
Bob,29,1,59300
Alice,23,0,52821
Charlie,28,2,47788
David,45,1,71609
Charlie,29,2,36925
Bob,31,1,62746
David,46,1,77972
Alice,31,0,46271
Bob,38,1,54772
Eve,34,0,59417
David,45,1,61285
Bob,36,1,54970
Eve,31,0,51585
David,47,1,65259
David,49,1,70664
Eve,30,0,47279
Bob,38,1,61492
Eve,34,0,51548
David,49,1,74237
Charlie,25,2,46007
David,44,1,77783
Bob,37,1,52049
David,43,1,76025
Charlie,29,2,43677
Alice,23,0,40966
Bob,37,1,60781
David,40,1,68141
Eve,31,0,50371
Alice,26,0,62086
Alice,25,0,50827
Eve,32,0,54939
Charlie,25,2,40399
David,42,1,72322
Eve,31,0,55992
David,48,1,71712
Bob,30,1,66105
Bob,38,1,58166
David,47,1,65129
Charlie,25,2,52078
David,44,1,67519
David,46,1,73952
Alice,30,0,47924
Charlie,24,2,45323
David,45,1,68515
Eve,27,0,42127
Charlie,25,2,49620
Charlie,24,2,45104
David,44,1,68472
Alice,32,0,52910
Charlie,32,2,46015
David,45,1,66949
Charlie,24,2,44961
Bob,29,1,68754
David,41,1,65131
David,48,1,75129
Bob,31,1,61580
Eve,27,0,52017
Eve,31,0,62965
Charlie,30,2,40130
Charlie,29,2,48658
Alice,23,0,44010
Alice,27,0,52635
Eve,31,0,47917
Bob,34,1,60203
Charlie,26,2,40101
Charlie,28,2,41755
Charlie,30,2,44353
Eve,31,0,57793
Eve,31,0,56401
Alice,27,0,58314
David,49,1,77570
Charlie,33,2,41247
Bob,31,1,54059
Alice,23,0,58576
Bob,33,1,63001
Alice,31,0,48573
Bob,29,1,57030
David,42,1,71764
Bob,32,1,60223
Bob,29,1,57664
David,40,1,73146
Bob,36,1,60248
David,41,1,74351
Eve,34,0,55324
Bob,35,1,60160
David,49,1,70174
Bob,38,1,58624
Bob,30,1,61501
Eve,32,0,58944
Charlie,29,2,50942
Alice,25,0,47275
Charlie,25,2,48910
Alice,23,0,57517
David,45,1,74982
Eve,31,0,56750
Charlie,32,2,39622
Bob,29,1,62349
Eve,33,0,54596
David,44,1,72489
Bob,33,1,59208
Alice,24,0,48178
Eve,29,0,51409
David,46,1,60307
Charlie,29,2,44052
Alice,24,0,60013
Alice,28,0,47611
Charlie,25,2,42258
Alice,24,0,42679
Alice,24,0,50697
Charlie,26,2,44374
Charlie,25,2,44883
Charlie,27,2,39311
Alice,31,0,48243
Charlie,29,2,47257
David,40,1,67585
Charlie,31,2,45837
Charlie,30,2,41178
Eve,36,0,44443
David,42,1,72689
Eve,27,0,44283
David,44,1,79150
Charlie,27,2,47719
Bob,38,1,51914
Alice,30,0,50494
